{
  "_meta": {
    "w": 384,
    "h": 782
  },
  "barbarian_attack": {
    "length": 13,
    "totalDuration": 2225,
    "frames": [
      {
        "x": 1,
        "y": 1,
        "w": 12,
        "h": 13,
        "duration": 500,
        "ox": 1,
        "oy": 6
      },
      {
        "x": 14,
        "y": 1,
        "w": 15,
        "h": 12,
        "duration": 100,
        "ox": 3,
        "oy": 7
      },
      {
        "x": 30,
        "y": 1,
        "w": 14,
        "h": 11,
        "duration": 100,
        "ox": 4,
        "oy": 8
      },
      {
        "x": 45,
        "y": 1,
        "w": 12,
        "h": 12,
        "duration": 100,
        "ox": 2,
        "oy": 7
      },
      {
        "x": 58,
        "y": 1,
        "w": 15,
        "h": 12,
        "duration": 100,
        "ox": 3,
        "oy": 7
      },
      {
        "x": 74,
        "y": 1,
        "w": 15,
        "h": 12,
        "duration": 100,
        "ox": 3,
        "oy": 7
      },
      {
        "x": 90,
        "y": 1,
        "w": 12,
        "h": 12,
        "duration": 100,
        "ox": 2,
        "oy": 7
      },
      {
        "x": 103,
        "y": 1,
        "w": 12,
        "h": 13,
        "duration": 600,
        "ox": 1,
        "oy": 6
      },
      {
        "x": 116,
        "y": 1,
        "w": 12,
        "h": 11,
        "duration": 120,
        "ox": 1,
        "oy": 8
      },
      {
        "x": 129,
        "y": 1,
        "w": 11,
        "h": 14,
        "duration": 130,
        "ox": 3,
        "oy": 2
      },
      {
        "x": 141,
        "y": 1,
        "w": 15,
        "h": 15,
        "duration": 100,
        "ox": 4,
        "oy": 4
      },
      {
        "x": 157,
        "y": 1,
        "w": 15,
        "h": 8,
        "duration": 100,
        "ox": 4,
        "oy": 11
      },
      {
        "x": 173,
        "y": 1,
        "w": 13,
        "h": 8,
        "duration": 75,
        "ox": 4,
        "oy": 11
      }
    ]
  },
  "barbarian_idle": {
    "length": 4,
    "totalDuration": 400,
    "frames": [
      {
        "x": 1,
        "y": 17,
        "w": 12,
        "h": 13,
        "duration": 100,
        "ox": 1,
        "oy": 6
      },
      {
        "x": 14,
        "y": 17,
        "w": 12,
        "h": 12,
        "duration": 100,
        "ox": 1,
        "oy": 7
      },
      {
        "x": 27,
        "y": 17,
        "w": 14,
        "h": 11,
        "duration": 100,
        "ox": 0,
        "oy": 8
      },
      {
        "x": 42,
        "y": 17,
        "w": 12,
        "h": 11,
        "duration": 100,
        "ox": 1,
        "oy": 8
      }
    ]
  },
  "barbarian_run": {
    "length": 4,
    "totalDuration": 400,
    "frames": [
      {
        "x": 1,
        "y": 31,
        "w": 12,
        "h": 13,
        "duration": 100,
        "ox": 1,
        "oy": 4
      },
      {
        "x": 14,
        "y": 31,
        "w": 12,
        "h": 13,
        "duration": 100,
        "ox": 1,
        "oy": 3
      },
      {
        "x": 27,
        "y": 31,
        "w": 12,
        "h": 14,
        "duration": 100,
        "ox": 1,
        "oy": 3
      },
      {
        "x": 40,
        "y": 31,
        "w": 12,
        "h": 11,
        "duration": 100,
        "ox": 1,
        "oy": 7
      }
    ]
  },
  "basic_animesword_attack": {
    "length": 22,
    "totalDuration": 3210,
    "frames": [
      {
        "x": 1,
        "y": 46,
        "w": 16,
        "h": 9,
        "duration": 600,
        "ox": 4,
        "oy": 12
      },
      {
        "x": 18,
        "y": 46,
        "w": 14,
        "h": 19,
        "duration": 100,
        "ox": 4,
        "oy": 2
      },
      {
        "x": 33,
        "y": 46,
        "w": 9,
        "h": 20,
        "duration": 200,
        "ox": 2,
        "oy": 1
      },
      {
        "x": 43,
        "y": 46,
        "w": 20,
        "h": 18,
        "duration": 100,
        "ox": 4,
        "oy": 4
      },
      {
        "x": 64,
        "y": 46,
        "w": 20,
        "h": 9,
        "duration": 200,
        "ox": 4,
        "oy": 13
      },
      {
        "x": 85,
        "y": 46,
        "w": 17,
        "h": 9,
        "duration": 100,
        "ox": 4,
        "oy": 12
      },
      {
        "x": 103,
        "y": 46,
        "w": 16,
        "h": 9,
        "duration": 100,
        "ox": 4,
        "oy": 12
      },
      {
        "x": 120,
        "y": 46,
        "w": 13,
        "h": 9,
        "duration": 100,
        "ox": 7,
        "oy": 12
      },
      {
        "x": 134,
        "y": 46,
        "w": 21,
        "h": 8,
        "duration": 100,
        "ox": 8,
        "oy": 13
      },
      {
        "x": 156,
        "y": 46,
        "w": 20,
        "h": 8,
        "duration": 200,
        "ox": 8,
        "oy": 13
      },
      {
        "x": 177,
        "y": 46,
        "w": 13,
        "h": 19,
        "duration": 100,
        "ox": 12,
        "oy": 2
      },
      {
        "x": 191,
        "y": 46,
        "w": 8,
        "h": 19,
        "duration": 100,
        "ox": 14,
        "oy": 2
      },
      {
        "x": 200,
        "y": 46,
        "w": 20,
        "h": 17,
        "duration": 70,
        "ox": 6,
        "oy": 4
      },
      {
        "x": 221,
        "y": 46,
        "w": 22,
        "h": 8,
        "duration": 100,
        "ox": 15,
        "oy": 13
      },
      {
        "x": 244,
        "y": 46,
        "w": 20,
        "h": 8,
        "duration": 200,
        "ox": 16,
        "oy": 13
      },
      {
        "x": 265,
        "y": 46,
        "w": 18,
        "h": 9,
        "duration": 100,
        "ox": 16,
        "oy": 12
      },
      {
        "x": 284,
        "y": 46,
        "w": 15,
        "h": 20,
        "duration": 100,
        "ox": 13,
        "oy": 1
      },
      {
        "x": 300,
        "y": 46,
        "w": 5,
        "h": 20,
        "duration": 150,
        "ox": 13,
        "oy": 1
      },
      {
        "x": 306,
        "y": 46,
        "w": 21,
        "h": 19,
        "duration": 90,
        "ox": 6,
        "oy": 2
      },
      {
        "x": 328,
        "y": 46,
        "w": 20,
        "h": 8,
        "duration": 200,
        "ox": 6,
        "oy": 13
      },
      {
        "x": 349,
        "y": 46,
        "w": 17,
        "h": 9,
        "duration": 100,
        "ox": 6,
        "oy": 11
      },
      {
        "x": 367,
        "y": 46,
        "w": 16,
        "h": 8,
        "duration": 100,
        "ox": 4,
        "oy": 13
      }
    ]
  },
  "basic_animesword_idle": {
    "length": 4,
    "totalDuration": 400,
    "frames": [
      {
        "x": 1,
        "y": 67,
        "w": 16,
        "h": 9,
        "duration": 100,
        "ox": 1,
        "oy": 6
      },
      {
        "x": 18,
        "y": 67,
        "w": 16,
        "h": 8,
        "duration": 100,
        "ox": 1,
        "oy": 7
      },
      {
        "x": 35,
        "y": 67,
        "w": 18,
        "h": 7,
        "duration": 100,
        "ox": 0,
        "oy": 8
      },
      {
        "x": 54,
        "y": 67,
        "w": 16,
        "h": 8,
        "duration": 100,
        "ox": 1,
        "oy": 7
      }
    ]
  },
  "basic_animesword_run": {
    "length": 8,
    "totalDuration": 800,
    "frames": [
      {
        "x": 1,
        "y": 77,
        "w": 11,
        "h": 9,
        "duration": 100,
        "ox": 2,
        "oy": 5
      },
      {
        "x": 13,
        "y": 77,
        "w": 11,
        "h": 10,
        "duration": 100,
        "ox": 2,
        "oy": 3
      },
      {
        "x": 25,
        "y": 77,
        "w": 11,
        "h": 10,
        "duration": 100,
        "ox": 2,
        "oy": 4
      },
      {
        "x": 37,
        "y": 77,
        "w": 11,
        "h": 8,
        "duration": 100,
        "ox": 2,
        "oy": 7
      },
      {
        "x": 49,
        "y": 77,
        "w": 11,
        "h": 9,
        "duration": 100,
        "ox": 1,
        "oy": 5
      },
      {
        "x": 61,
        "y": 77,
        "w": 11,
        "h": 10,
        "duration": 100,
        "ox": 1,
        "oy": 3
      },
      {
        "x": 73,
        "y": 77,
        "w": 11,
        "h": 10,
        "duration": 100,
        "ox": 1,
        "oy": 4
      },
      {
        "x": 85,
        "y": 77,
        "w": 11,
        "h": 8,
        "duration": 100,
        "ox": 1,
        "oy": 7
      }
    ]
  },
  "basic_axe_attack": {
    "length": 14,
    "totalDuration": 2400,
    "frames": [
      {
        "x": 1,
        "y": 88,
        "w": 11,
        "h": 10,
        "duration": 600,
        "ox": 3,
        "oy": 5
      },
      {
        "x": 13,
        "y": 88,
        "w": 9,
        "h": 14,
        "duration": 100,
        "ox": 1,
        "oy": 1
      },
      {
        "x": 23,
        "y": 88,
        "w": 14,
        "h": 13,
        "duration": 100,
        "ox": 3,
        "oy": 2
      },
      {
        "x": 38,
        "y": 88,
        "w": 12,
        "h": 8,
        "duration": 100,
        "ox": 5,
        "oy": 7
      },
      {
        "x": 51,
        "y": 88,
        "w": 12,
        "h": 10,
        "duration": 100,
        "ox": 4,
        "oy": 4
      },
      {
        "x": 64,
        "y": 88,
        "w": 11,
        "h": 8,
        "duration": 100,
        "ox": 3,
        "oy": 7
      },
      {
        "x": 76,
        "y": 88,
        "w": 11,
        "h": 10,
        "duration": 600,
        "ox": 3,
        "oy": 5
      },
      {
        "x": 88,
        "y": 88,
        "w": 9,
        "h": 14,
        "duration": 100,
        "ox": 1,
        "oy": 1
      },
      {
        "x": 98,
        "y": 88,
        "w": 14,
        "h": 13,
        "duration": 100,
        "ox": 3,
        "oy": 2
      },
      {
        "x": 113,
        "y": 88,
        "w": 12,
        "h": 8,
        "duration": 100,
        "ox": 5,
        "oy": 7
      },
      {
        "x": 126,
        "y": 88,
        "w": 9,
        "h": 13,
        "duration": 100,
        "ox": 3,
        "oy": 2
      },
      {
        "x": 136,
        "y": 88,
        "w": 14,
        "h": 13,
        "duration": 100,
        "ox": 3,
        "oy": 2
      },
      {
        "x": 151,
        "y": 88,
        "w": 12,
        "h": 9,
        "duration": 100,
        "ox": 5,
        "oy": 6
      },
      {
        "x": 164,
        "y": 88,
        "w": 12,
        "h": 10,
        "duration": 100,
        "ox": 4,
        "oy": 4
      }
    ]
  },
  "basic_axe_idle": {
    "length": 4,
    "totalDuration": 400,
    "frames": [
      {
        "x": 1,
        "y": 103,
        "w": 11,
        "h": 10,
        "duration": 100,
        "ox": 1,
        "oy": 5
      },
      {
        "x": 13,
        "y": 103,
        "w": 11,
        "h": 9,
        "duration": 100,
        "ox": 1,
        "oy": 6
      },
      {
        "x": 25,
        "y": 103,
        "w": 12,
        "h": 8,
        "duration": 100,
        "ox": 0,
        "oy": 7
      },
      {
        "x": 38,
        "y": 103,
        "w": 11,
        "h": 9,
        "duration": 100,
        "ox": 1,
        "oy": 6
      }
    ]
  },
  "basic_axe_run": {
    "length": 8,
    "totalDuration": 800,
    "frames": [
      {
        "x": 1,
        "y": 114,
        "w": 11,
        "h": 9,
        "duration": 100,
        "ox": 2,
        "oy": 5
      },
      {
        "x": 13,
        "y": 114,
        "w": 12,
        "h": 10,
        "duration": 100,
        "ox": 1,
        "oy": 3
      },
      {
        "x": 26,
        "y": 114,
        "w": 11,
        "h": 9,
        "duration": 100,
        "ox": 1,
        "oy": 5
      },
      {
        "x": 38,
        "y": 114,
        "w": 9,
        "h": 8,
        "duration": 100,
        "ox": 2,
        "oy": 7
      },
      {
        "x": 48,
        "y": 114,
        "w": 8,
        "h": 10,
        "duration": 100,
        "ox": 2,
        "oy": 4
      },
      {
        "x": 57,
        "y": 114,
        "w": 9,
        "h": 11,
        "duration": 100,
        "ox": 2,
        "oy": 2
      },
      {
        "x": 67,
        "y": 114,
        "w": 9,
        "h": 11,
        "duration": 100,
        "ox": 1,
        "oy": 3
      },
      {
        "x": 77,
        "y": 114,
        "w": 10,
        "h": 8,
        "duration": 100,
        "ox": 2,
        "oy": 7
      }
    ]
  },
  "basic_bow_attack": {
    "length": 8,
    "totalDuration": 1720,
    "frames": [
      {
        "x": 1,
        "y": 126,
        "w": 12,
        "h": 9,
        "duration": 600,
        "ox": 3,
        "oy": 6
      },
      {
        "x": 14,
        "y": 126,
        "w": 12,
        "h": 9,
        "duration": 100,
        "ox": 3,
        "oy": 6
      },
      {
        "x": 27,
        "y": 126,
        "w": 17,
        "h": 11,
        "duration": 100,
        "ox": 4,
        "oy": 4
      },
      {
        "x": 45,
        "y": 126,
        "w": 16,
        "h": 11,
        "duration": 400,
        "ox": 3,
        "oy": 4
      },
      {
        "x": 62,
        "y": 126,
        "w": 15,
        "h": 11,
        "duration": 80,
        "ox": 2,
        "oy": 4
      },
      {
        "x": 78,
        "y": 126,
        "w": 23,
        "h": 11,
        "duration": 80,
        "ox": 4,
        "oy": 4
      },
      {
        "x": 102,
        "y": 126,
        "w": 10,
        "h": 11,
        "duration": 60,
        "ox": 3,
        "oy": 4
      },
      {
        "x": 113,
        "y": 126,
        "w": 10,
        "h": 11,
        "duration": 300,
        "ox": 3,
        "oy": 4
      }
    ]
  },
  "basic_bow_attack_no_arrow": {
    "length": 8,
    "totalDuration": 1720,
    "frames": [
      {
        "x": 1,
        "y": 138,
        "w": 12,
        "h": 9,
        "duration": 600,
        "ox": 3,
        "oy": 6
      },
      {
        "x": 14,
        "y": 138,
        "w": 12,
        "h": 9,
        "duration": 100,
        "ox": 3,
        "oy": 6
      },
      {
        "x": 27,
        "y": 138,
        "w": 9,
        "h": 11,
        "duration": 100,
        "ox": 4,
        "oy": 4
      },
      {
        "x": 37,
        "y": 138,
        "w": 10,
        "h": 11,
        "duration": 400,
        "ox": 3,
        "oy": 4
      },
      {
        "x": 48,
        "y": 138,
        "w": 10,
        "h": 11,
        "duration": 80,
        "ox": 2,
        "oy": 4
      },
      {
        "x": 59,
        "y": 138,
        "w": 10,
        "h": 11,
        "duration": 80,
        "ox": 4,
        "oy": 4
      },
      {
        "x": 70,
        "y": 138,
        "w": 10,
        "h": 11,
        "duration": 60,
        "ox": 3,
        "oy": 4
      },
      {
        "x": 81,
        "y": 138,
        "w": 10,
        "h": 11,
        "duration": 300,
        "ox": 3,
        "oy": 4
      }
    ]
  },
  "basic_bow_idle": {
    "length": 4,
    "totalDuration": 400,
    "frames": [
      {
        "x": 1,
        "y": 150,
        "w": 12,
        "h": 9,
        "duration": 100,
        "ox": 3,
        "oy": 6
      },
      {
        "x": 14,
        "y": 150,
        "w": 12,
        "h": 8,
        "duration": 100,
        "ox": 3,
        "oy": 7
      },
      {
        "x": 27,
        "y": 150,
        "w": 14,
        "h": 7,
        "duration": 100,
        "ox": 2,
        "oy": 8
      },
      {
        "x": 42,
        "y": 150,
        "w": 12,
        "h": 8,
        "duration": 100,
        "ox": 3,
        "oy": 7
      }
    ]
  },
  "basic_bow_run": {
    "length": 8,
    "totalDuration": 800,
    "frames": [
      {
        "x": 1,
        "y": 160,
        "w": 12,
        "h": 8,
        "duration": 100,
        "ox": 5,
        "oy": 6
      },
      {
        "x": 14,
        "y": 160,
        "w": 14,
        "h": 9,
        "duration": 100,
        "ox": 4,
        "oy": 4
      },
      {
        "x": 29,
        "y": 160,
        "w": 13,
        "h": 10,
        "duration": 100,
        "ox": 4,
        "oy": 4
      },
      {
        "x": 43,
        "y": 160,
        "w": 10,
        "h": 7,
        "duration": 100,
        "ox": 5,
        "oy": 8
      },
      {
        "x": 54,
        "y": 160,
        "w": 10,
        "h": 8,
        "duration": 100,
        "ox": 3,
        "oy": 6
      },
      {
        "x": 65,
        "y": 160,
        "w": 12,
        "h": 9,
        "duration": 100,
        "ox": 2,
        "oy": 4
      },
      {
        "x": 78,
        "y": 160,
        "w": 10,
        "h": 10,
        "duration": 100,
        "ox": 3,
        "oy": 4
      },
      {
        "x": 89,
        "y": 160,
        "w": 9,
        "h": 7,
        "duration": 100,
        "ox": 4,
        "oy": 8
      }
    ]
  },
  "basic_climb": {
    "length": 2,
    "totalDuration": 400,
    "frames": [
      {
        "x": 1,
        "y": 171,
        "w": 8,
        "h": 9,
        "duration": 200,
        "ox": 4,
        "oy": 4
      },
      {
        "x": 10,
        "y": 171,
        "w": 8,
        "h": 9,
        "duration": 200,
        "ox": 4,
        "oy": 4
      }
    ]
  },
  "basic_idle": {
    "length": 4,
    "totalDuration": 400,
    "frames": [
      {
        "x": 1,
        "y": 181,
        "w": 8,
        "h": 9,
        "duration": 100,
        "ox": 4,
        "oy": 4
      },
      {
        "x": 10,
        "y": 181,
        "w": 8,
        "h": 8,
        "duration": 100,
        "ox": 4,
        "oy": 5
      },
      {
        "x": 19,
        "y": 181,
        "w": 10,
        "h": 7,
        "duration": 100,
        "ox": 3,
        "oy": 6
      },
      {
        "x": 30,
        "y": 181,
        "w": 8,
        "h": 8,
        "duration": 100,
        "ox": 4,
        "oy": 5
      }
    ]
  },
  "basic_jump": {
    "length": 9,
    "totalDuration": 1500,
    "frames": [
      {
        "x": 1,
        "y": 191,
        "w": 8,
        "h": 8,
        "duration": 50,
        "ox": 2,
        "oy": 7
      },
      {
        "x": 10,
        "y": 191,
        "w": 8,
        "h": 8,
        "duration": 50,
        "ox": 2,
        "oy": 7
      },
      {
        "x": 19,
        "y": 191,
        "w": 8,
        "h": 8,
        "duration": 100,
        "ox": 2,
        "oy": 5
      },
      {
        "x": 28,
        "y": 191,
        "w": 8,
        "h": 8,
        "duration": 150,
        "ox": 2,
        "oy": 3
      },
      {
        "x": 37,
        "y": 191,
        "w": 8,
        "h": 8,
        "duration": 100,
        "ox": 2,
        "oy": 4
      },
      {
        "x": 46,
        "y": 191,
        "w": 8,
        "h": 8,
        "duration": 100,
        "ox": 2,
        "oy": 7
      },
      {
        "x": 55,
        "y": 191,
        "w": 10,
        "h": 7,
        "duration": 100,
        "ox": 1,
        "oy": 8
      },
      {
        "x": 66,
        "y": 191,
        "w": 8,
        "h": 7,
        "duration": 100,
        "ox": 2,
        "oy": 8
      },
      {
        "x": 75,
        "y": 191,
        "w": 8,
        "h": 9,
        "duration": 750,
        "ox": 2,
        "oy": 6
      }
    ]
  },
  "basic_pique_attack": {
    "length": 14,
    "totalDuration": 1700,
    "frames": [
      {
        "x": 1,
        "y": 201,
        "w": 9,
        "h": 12,
        "duration": 500,
        "ox": 3,
        "oy": 3
      },
      {
        "x": 11,
        "y": 201,
        "w": 12,
        "h": 9,
        "duration": 100,
        "ox": 1,
        "oy": 6
      },
      {
        "x": 24,
        "y": 201,
        "w": 17,
        "h": 9,
        "duration": 100,
        "ox": 4,
        "oy": 6
      },
      {
        "x": 42,
        "y": 201,
        "w": 17,
        "h": 9,
        "duration": 50,
        "ox": 4,
        "oy": 6
      },
      {
        "x": 60,
        "y": 201,
        "w": 16,
        "h": 9,
        "duration": 100,
        "ox": 4,
        "oy": 6
      },
      {
        "x": 77,
        "y": 201,
        "w": 15,
        "h": 13,
        "duration": 100,
        "ox": 4,
        "oy": 2
      },
      {
        "x": 93,
        "y": 201,
        "w": 9,
        "h": 12,
        "duration": 100,
        "ox": 3,
        "oy": 3
      },
      {
        "x": 103,
        "y": 201,
        "w": 6,
        "h": 12,
        "duration": 100,
        "ox": 7,
        "oy": 3
      },
      {
        "x": 110,
        "y": 201,
        "w": 15,
        "h": 11,
        "duration": 100,
        "ox": 3,
        "oy": 4
      },
      {
        "x": 126,
        "y": 201,
        "w": 24,
        "h": 10,
        "duration": 100,
        "ox": 6,
        "oy": 5
      },
      {
        "x": 151,
        "y": 201,
        "w": 18,
        "h": 9,
        "duration": 100,
        "ox": 12,
        "oy": 6
      },
      {
        "x": 170,
        "y": 201,
        "w": 17,
        "h": 9,
        "duration": 50,
        "ox": 12,
        "oy": 6
      },
      {
        "x": 188,
        "y": 201,
        "w": 21,
        "h": 9,
        "duration": 100,
        "ox": 7,
        "oy": 5
      },
      {
        "x": 210,
        "y": 201,
        "w": 18,
        "h": 12,
        "duration": 100,
        "ox": 4,
        "oy": 3
      }
    ]
  },
  "basic_pique_idle": {
    "length": 5,
    "totalDuration": 970,
    "frames": [
      {
        "x": 1,
        "y": 215,
        "w": 9,
        "h": 12,
        "duration": 500,
        "ox": 4,
        "oy": 1
      },
      {
        "x": 11,
        "y": 215,
        "w": 9,
        "h": 13,
        "duration": 150,
        "ox": 4,
        "oy": 0
      },
      {
        "x": 21,
        "y": 215,
        "w": 9,
        "h": 12,
        "duration": 120,
        "ox": 4,
        "oy": 1
      },
      {
        "x": 31,
        "y": 215,
        "w": 9,
        "h": 12,
        "duration": 100,
        "ox": 4,
        "oy": 1
      },
      {
        "x": 41,
        "y": 215,
        "w": 9,
        "h": 12,
        "duration": 100,
        "ox": 4,
        "oy": 1
      }
    ]
  },
  "basic_pique_run": {
    "length": 8,
    "totalDuration": 800,
    "frames": [
      {
        "x": 1,
        "y": 229,
        "w": 8,
        "h": 12,
        "duration": 100,
        "ox": 2,
        "oy": 2
      },
      {
        "x": 10,
        "y": 229,
        "w": 10,
        "h": 12,
        "duration": 100,
        "ox": 1,
        "oy": 1
      },
      {
        "x": 21,
        "y": 229,
        "w": 9,
        "h": 12,
        "duration": 100,
        "ox": 1,
        "oy": 2
      },
      {
        "x": 31,
        "y": 229,
        "w": 8,
        "h": 12,
        "duration": 100,
        "ox": 2,
        "oy": 3
      },
      {
        "x": 40,
        "y": 229,
        "w": 7,
        "h": 12,
        "duration": 100,
        "ox": 2,
        "oy": 2
      },
      {
        "x": 48,
        "y": 229,
        "w": 8,
        "h": 12,
        "duration": 100,
        "ox": 2,
        "oy": 1
      },
      {
        "x": 57,
        "y": 229,
        "w": 9,
        "h": 12,
        "duration": 100,
        "ox": 1,
        "oy": 2
      },
      {
        "x": 67,
        "y": 229,
        "w": 8,
        "h": 12,
        "duration": 100,
        "ox": 2,
        "oy": 3
      }
    ]
  },
  "basic_run": {
    "length": 8,
    "totalDuration": 800,
    "frames": [
      {
        "x": 1,
        "y": 242,
        "w": 8,
        "h": 8,
        "duration": 100,
        "ox": 2,
        "oy": 6
      },
      {
        "x": 10,
        "y": 242,
        "w": 10,
        "h": 9,
        "duration": 100,
        "ox": 1,
        "oy": 4
      },
      {
        "x": 21,
        "y": 242,
        "w": 9,
        "h": 9,
        "duration": 100,
        "ox": 1,
        "oy": 5
      },
      {
        "x": 31,
        "y": 242,
        "w": 8,
        "h": 7,
        "duration": 100,
        "ox": 2,
        "oy": 8
      },
      {
        "x": 40,
        "y": 242,
        "w": 8,
        "h": 8,
        "duration": 100,
        "ox": 2,
        "oy": 6
      },
      {
        "x": 49,
        "y": 242,
        "w": 10,
        "h": 9,
        "duration": 100,
        "ox": 1,
        "oy": 4
      },
      {
        "x": 60,
        "y": 242,
        "w": 9,
        "h": 9,
        "duration": 100,
        "ox": 1,
        "oy": 5
      },
      {
        "x": 70,
        "y": 242,
        "w": 8,
        "h": 7,
        "duration": 100,
        "ox": 2,
        "oy": 8
      }
    ]
  },
  "basic_sword_attack": {
    "length": 10,
    "totalDuration": 1100,
    "frames": [
      {
        "x": 1,
        "y": 252,
        "w": 13,
        "h": 9,
        "duration": 100,
        "ox": 4,
        "oy": 6
      },
      {
        "x": 15,
        "y": 252,
        "w": 16,
        "h": 12,
        "duration": 100,
        "ox": 2,
        "oy": 3
      },
      {
        "x": 32,
        "y": 252,
        "w": 9,
        "h": 12,
        "duration": 200,
        "ox": 2,
        "oy": 3
      },
      {
        "x": 42,
        "y": 252,
        "w": 9,
        "h": 11,
        "duration": 100,
        "ox": 3,
        "oy": 4
      },
      {
        "x": 52,
        "y": 252,
        "w": 13,
        "h": 11,
        "duration": 100,
        "ox": 4,
        "oy": 4
      },
      {
        "x": 66,
        "y": 252,
        "w": 12,
        "h": 9,
        "duration": 100,
        "ox": 4,
        "oy": 6
      },
      {
        "x": 79,
        "y": 252,
        "w": 8,
        "h": 13,
        "duration": 100,
        "ox": 4,
        "oy": 2
      },
      {
        "x": 88,
        "y": 252,
        "w": 11,
        "h": 10,
        "duration": 100,
        "ox": 0,
        "oy": 5
      },
      {
        "x": 100,
        "y": 252,
        "w": 15,
        "h": 12,
        "duration": 100,
        "ox": 3,
        "oy": 3
      },
      {
        "x": 116,
        "y": 252,
        "w": 14,
        "h": 9,
        "duration": 100,
        "ox": 4,
        "oy": 6
      }
    ]
  },
  "basic_sword_idle": {
    "length": 4,
    "totalDuration": 400,
    "frames": [
      {
        "x": 1,
        "y": 266,
        "w": 13,
        "h": 9,
        "duration": 100,
        "ox": 1,
        "oy": 6
      },
      {
        "x": 15,
        "y": 266,
        "w": 13,
        "h": 8,
        "duration": 100,
        "ox": 1,
        "oy": 7
      },
      {
        "x": 29,
        "y": 266,
        "w": 15,
        "h": 7,
        "duration": 100,
        "ox": 0,
        "oy": 8
      },
      {
        "x": 45,
        "y": 266,
        "w": 13,
        "h": 8,
        "duration": 100,
        "ox": 1,
        "oy": 7
      }
    ]
  },
  "basic_sword_run": {
    "length": 8,
    "totalDuration": 800,
    "frames": [
      {
        "x": 1,
        "y": 276,
        "w": 8,
        "h": 8,
        "duration": 100,
        "ox": 2,
        "oy": 6
      },
      {
        "x": 10,
        "y": 276,
        "w": 10,
        "h": 9,
        "duration": 100,
        "ox": 1,
        "oy": 4
      },
      {
        "x": 21,
        "y": 276,
        "w": 9,
        "h": 9,
        "duration": 100,
        "ox": 1,
        "oy": 5
      },
      {
        "x": 31,
        "y": 276,
        "w": 8,
        "h": 7,
        "duration": 100,
        "ox": 2,
        "oy": 8
      },
      {
        "x": 40,
        "y": 276,
        "w": 8,
        "h": 8,
        "duration": 100,
        "ox": 2,
        "oy": 6
      },
      {
        "x": 49,
        "y": 276,
        "w": 10,
        "h": 9,
        "duration": 100,
        "ox": 1,
        "oy": 4
      },
      {
        "x": 60,
        "y": 276,
        "w": 9,
        "h": 9,
        "duration": 100,
        "ox": 1,
        "oy": 5
      },
      {
        "x": 70,
        "y": 276,
        "w": 8,
        "h": 7,
        "duration": 100,
        "ox": 2,
        "oy": 8
      }
    ]
  },
  "dwarf_attack": {
    "length": 11,
    "totalDuration": 2100,
    "frames": [
      {
        "x": 1,
        "y": 286,
        "w": 10,
        "h": 9,
        "duration": 500,
        "ox": 2,
        "oy": 6
      },
      {
        "x": 12,
        "y": 286,
        "w": 10,
        "h": 12,
        "duration": 100,
        "ox": 0,
        "oy": 3
      },
      {
        "x": 23,
        "y": 286,
        "w": 15,
        "h": 13,
        "duration": 100,
        "ox": 2,
        "oy": 3
      },
      {
        "x": 39,
        "y": 286,
        "w": 14,
        "h": 10,
        "duration": 200,
        "ox": 3,
        "oy": 6
      },
      {
        "x": 54,
        "y": 286,
        "w": 10,
        "h": 9,
        "duration": 500,
        "ox": 2,
        "oy": 6
      },
      {
        "x": 65,
        "y": 286,
        "w": 10,
        "h": 9,
        "duration": 100,
        "ox": 2,
        "oy": 6
      },
      {
        "x": 76,
        "y": 286,
        "w": 8,
        "h": 9,
        "duration": 100,
        "ox": 3,
        "oy": 6
      },
      {
        "x": 85,
        "y": 286,
        "w": 10,
        "h": 9,
        "duration": 100,
        "ox": 0,
        "oy": 6
      },
      {
        "x": 96,
        "y": 286,
        "w": 13,
        "h": 9,
        "duration": 100,
        "ox": 3,
        "oy": 6
      },
      {
        "x": 110,
        "y": 286,
        "w": 13,
        "h": 9,
        "duration": 200,
        "ox": 3,
        "oy": 6
      },
      {
        "x": 124,
        "y": 286,
        "w": 11,
        "h": 9,
        "duration": 100,
        "ox": 3,
        "oy": 6
      }
    ]
  },
  "dwarf_idle": {
    "length": 4,
    "totalDuration": 400,
    "frames": [
      {
        "x": 1,
        "y": 300,
        "w": 10,
        "h": 9,
        "duration": 100,
        "ox": 2,
        "oy": 6
      },
      {
        "x": 12,
        "y": 300,
        "w": 10,
        "h": 8,
        "duration": 100,
        "ox": 2,
        "oy": 7
      },
      {
        "x": 23,
        "y": 300,
        "w": 11,
        "h": 8,
        "duration": 100,
        "ox": 1,
        "oy": 7
      },
      {
        "x": 35,
        "y": 300,
        "w": 10,
        "h": 8,
        "duration": 100,
        "ox": 2,
        "oy": 7
      }
    ]
  },
  "dwarf_run": {
    "length": 8,
    "totalDuration": 800,
    "frames": [
      {
        "x": 1,
        "y": 310,
        "w": 10,
        "h": 9,
        "duration": 100,
        "ox": 2,
        "oy": 6
      },
      {
        "x": 12,
        "y": 310,
        "w": 10,
        "h": 10,
        "duration": 100,
        "ox": 2,
        "oy": 4
      },
      {
        "x": 23,
        "y": 310,
        "w": 10,
        "h": 10,
        "duration": 100,
        "ox": 2,
        "oy": 5
      },
      {
        "x": 34,
        "y": 310,
        "w": 9,
        "h": 9,
        "duration": 100,
        "ox": 3,
        "oy": 6
      },
      {
        "x": 44,
        "y": 310,
        "w": 9,
        "h": 9,
        "duration": 100,
        "ox": 2,
        "oy": 6
      },
      {
        "x": 54,
        "y": 310,
        "w": 8,
        "h": 10,
        "duration": 100,
        "ox": 2,
        "oy": 4
      },
      {
        "x": 63,
        "y": 310,
        "w": 8,
        "h": 10,
        "duration": 100,
        "ox": 2,
        "oy": 5
      },
      {
        "x": 72,
        "y": 310,
        "w": 8,
        "h": 9,
        "duration": 100,
        "ox": 3,
        "oy": 6
      }
    ]
  },
  "guard_attack": {
    "length": 4,
    "totalDuration": 900,
    "frames": [
      {
        "x": 1,
        "y": 321,
        "w": 10,
        "h": 14,
        "duration": 600,
        "ox": 3,
        "oy": 1
      },
      {
        "x": 12,
        "y": 321,
        "w": 15,
        "h": 13,
        "duration": 100,
        "ox": 0,
        "oy": 2
      },
      {
        "x": 28,
        "y": 321,
        "w": 19,
        "h": 10,
        "duration": 100,
        "ox": 2,
        "oy": 5
      },
      {
        "x": 48,
        "y": 321,
        "w": 19,
        "h": 10,
        "duration": 100,
        "ox": 2,
        "oy": 5
      }
    ]
  },
  "guard_idle": {
    "length": 4,
    "totalDuration": 800,
    "frames": [
      {
        "x": 1,
        "y": 336,
        "w": 10,
        "h": 14,
        "duration": 500,
        "ox": 3,
        "oy": 1
      },
      {
        "x": 12,
        "y": 336,
        "w": 10,
        "h": 14,
        "duration": 120,
        "ox": 3,
        "oy": 1
      },
      {
        "x": 23,
        "y": 336,
        "w": 11,
        "h": 14,
        "duration": 100,
        "ox": 2,
        "oy": 1
      },
      {
        "x": 35,
        "y": 336,
        "w": 10,
        "h": 14,
        "duration": 80,
        "ox": 3,
        "oy": 1
      }
    ]
  },
  "guard_run": {
    "length": 8,
    "totalDuration": 800,
    "frames": [
      {
        "x": 1,
        "y": 351,
        "w": 9,
        "h": 15,
        "duration": 100,
        "ox": 3,
        "oy": 5
      },
      {
        "x": 11,
        "y": 351,
        "w": 11,
        "h": 15,
        "duration": 100,
        "ox": 2,
        "oy": 4
      },
      {
        "x": 23,
        "y": 351,
        "w": 11,
        "h": 15,
        "duration": 100,
        "ox": 2,
        "oy": 5
      },
      {
        "x": 35,
        "y": 351,
        "w": 10,
        "h": 15,
        "duration": 100,
        "ox": 3,
        "oy": 6
      },
      {
        "x": 46,
        "y": 351,
        "w": 9,
        "h": 15,
        "duration": 100,
        "ox": 3,
        "oy": 5
      },
      {
        "x": 56,
        "y": 351,
        "w": 8,
        "h": 15,
        "duration": 100,
        "ox": 3,
        "oy": 4
      },
      {
        "x": 65,
        "y": 351,
        "w": 9,
        "h": 15,
        "duration": 100,
        "ox": 2,
        "oy": 5
      },
      {
        "x": 75,
        "y": 351,
        "w": 8,
        "h": 15,
        "duration": 100,
        "ox": 3,
        "oy": 6
      }
    ]
  },
  "knight_blue_attack": {
    "length": 13,
    "totalDuration": 2000,
    "frames": [
      {
        "x": 1,
        "y": 367,
        "w": 14,
        "h": 11,
        "duration": 500,
        "ox": 1,
        "oy": 8
      },
      {
        "x": 16,
        "y": 367,
        "w": 9,
        "h": 11,
        "duration": 100,
        "ox": 0,
        "oy": 8
      },
      {
        "x": 26,
        "y": 367,
        "w": 13,
        "h": 11,
        "duration": 100,
        "ox": 0,
        "oy": 8
      },
      {
        "x": 40,
        "y": 367,
        "w": 15,
        "h": 11,
        "duration": 100,
        "ox": 2,
        "oy": 8
      },
      {
        "x": 56,
        "y": 367,
        "w": 14,
        "h": 11,
        "duration": 200,
        "ox": 1,
        "oy": 8
      },
      {
        "x": 71,
        "y": 367,
        "w": 13,
        "h": 15,
        "duration": 100,
        "ox": 1,
        "oy": 4
      },
      {
        "x": 85,
        "y": 367,
        "w": 10,
        "h": 15,
        "duration": 100,
        "ox": 1,
        "oy": 4
      },
      {
        "x": 96,
        "y": 367,
        "w": 15,
        "h": 14,
        "duration": 100,
        "ox": 2,
        "oy": 5
      },
      {
        "x": 112,
        "y": 367,
        "w": 15,
        "h": 10,
        "duration": 100,
        "ox": 2,
        "oy": 9
      },
      {
        "x": 128,
        "y": 367,
        "w": 14,
        "h": 11,
        "duration": 300,
        "ox": 1,
        "oy": 8
      },
      {
        "x": 143,
        "y": 367,
        "w": 14,
        "h": 10,
        "duration": 100,
        "ox": 0,
        "oy": 9
      },
      {
        "x": 158,
        "y": 367,
        "w": 11,
        "h": 12,
        "duration": 100,
        "ox": 1,
        "oy": 7
      },
      {
        "x": 170,
        "y": 367,
        "w": 9,
        "h": 11,
        "duration": 100,
        "ox": 3,
        "oy": 8
      }
    ]
  },
  "knight_blue_idle": {
    "length": 4,
    "totalDuration": 400,
    "frames": [
      {
        "x": 1,
        "y": 383,
        "w": 14,
        "h": 11,
        "duration": 100,
        "ox": 1,
        "oy": 4
      },
      {
        "x": 16,
        "y": 383,
        "w": 14,
        "h": 10,
        "duration": 100,
        "ox": 1,
        "oy": 5
      },
      {
        "x": 31,
        "y": 383,
        "w": 16,
        "h": 9,
        "duration": 100,
        "ox": 0,
        "oy": 6
      },
      {
        "x": 48,
        "y": 383,
        "w": 14,
        "h": 9,
        "duration": 100,
        "ox": 1,
        "oy": 6
      }
    ]
  },
  "knight_blue_run": {
    "length": 8,
    "totalDuration": 800,
    "frames": [
      {
        "x": 1,
        "y": 395,
        "w": 14,
        "h": 10,
        "duration": 100,
        "ox": 1,
        "oy": 8
      },
      {
        "x": 16,
        "y": 395,
        "w": 14,
        "h": 11,
        "duration": 100,
        "ox": 1,
        "oy": 6
      },
      {
        "x": 31,
        "y": 395,
        "w": 14,
        "h": 11,
        "duration": 100,
        "ox": 1,
        "oy": 7
      },
      {
        "x": 46,
        "y": 395,
        "w": 14,
        "h": 11,
        "duration": 100,
        "ox": 1,
        "oy": 8
      },
      {
        "x": 61,
        "y": 395,
        "w": 10,
        "h": 10,
        "duration": 100,
        "ox": 2,
        "oy": 8
      },
      {
        "x": 72,
        "y": 395,
        "w": 10,
        "h": 11,
        "duration": 100,
        "ox": 2,
        "oy": 6
      },
      {
        "x": 83,
        "y": 395,
        "w": 11,
        "h": 11,
        "duration": 100,
        "ox": 1,
        "oy": 7
      },
      {
        "x": 95,
        "y": 395,
        "w": 10,
        "h": 11,
        "duration": 100,
        "ox": 2,
        "oy": 8
      }
    ]
  },
  "knight_green_attack": {
    "length": 13,
    "totalDuration": 2000,
    "frames": [
      {
        "x": 1,
        "y": 407,
        "w": 14,
        "h": 11,
        "duration": 500,
        "ox": 1,
        "oy": 8
      },
      {
        "x": 16,
        "y": 407,
        "w": 9,
        "h": 11,
        "duration": 100,
        "ox": 0,
        "oy": 8
      },
      {
        "x": 26,
        "y": 407,
        "w": 13,
        "h": 11,
        "duration": 100,
        "ox": 0,
        "oy": 8
      },
      {
        "x": 40,
        "y": 407,
        "w": 15,
        "h": 11,
        "duration": 100,
        "ox": 2,
        "oy": 8
      },
      {
        "x": 56,
        "y": 407,
        "w": 14,
        "h": 11,
        "duration": 200,
        "ox": 1,
        "oy": 8
      },
      {
        "x": 71,
        "y": 407,
        "w": 13,
        "h": 15,
        "duration": 100,
        "ox": 1,
        "oy": 4
      },
      {
        "x": 85,
        "y": 407,
        "w": 10,
        "h": 15,
        "duration": 100,
        "ox": 1,
        "oy": 4
      },
      {
        "x": 96,
        "y": 407,
        "w": 15,
        "h": 14,
        "duration": 100,
        "ox": 2,
        "oy": 5
      },
      {
        "x": 112,
        "y": 407,
        "w": 15,
        "h": 10,
        "duration": 100,
        "ox": 2,
        "oy": 9
      },
      {
        "x": 128,
        "y": 407,
        "w": 14,
        "h": 11,
        "duration": 300,
        "ox": 1,
        "oy": 8
      },
      {
        "x": 143,
        "y": 407,
        "w": 14,
        "h": 10,
        "duration": 100,
        "ox": 0,
        "oy": 9
      },
      {
        "x": 158,
        "y": 407,
        "w": 11,
        "h": 12,
        "duration": 100,
        "ox": 1,
        "oy": 7
      },
      {
        "x": 170,
        "y": 407,
        "w": 9,
        "h": 11,
        "duration": 100,
        "ox": 3,
        "oy": 8
      }
    ]
  },
  "knight_green_idle": {
    "length": 4,
    "totalDuration": 400,
    "frames": [
      {
        "x": 1,
        "y": 423,
        "w": 14,
        "h": 11,
        "duration": 100,
        "ox": 1,
        "oy": 4
      },
      {
        "x": 16,
        "y": 423,
        "w": 14,
        "h": 10,
        "duration": 100,
        "ox": 1,
        "oy": 5
      },
      {
        "x": 31,
        "y": 423,
        "w": 16,
        "h": 9,
        "duration": 100,
        "ox": 0,
        "oy": 6
      },
      {
        "x": 48,
        "y": 423,
        "w": 14,
        "h": 9,
        "duration": 100,
        "ox": 1,
        "oy": 6
      }
    ]
  },
  "knight_green_run": {
    "length": 8,
    "totalDuration": 800,
    "frames": [
      {
        "x": 1,
        "y": 435,
        "w": 14,
        "h": 10,
        "duration": 100,
        "ox": 1,
        "oy": 8
      },
      {
        "x": 16,
        "y": 435,
        "w": 14,
        "h": 11,
        "duration": 100,
        "ox": 1,
        "oy": 6
      },
      {
        "x": 31,
        "y": 435,
        "w": 14,
        "h": 11,
        "duration": 100,
        "ox": 1,
        "oy": 7
      },
      {
        "x": 46,
        "y": 435,
        "w": 14,
        "h": 11,
        "duration": 100,
        "ox": 1,
        "oy": 8
      },
      {
        "x": 61,
        "y": 435,
        "w": 10,
        "h": 10,
        "duration": 100,
        "ox": 2,
        "oy": 8
      },
      {
        "x": 72,
        "y": 435,
        "w": 10,
        "h": 11,
        "duration": 100,
        "ox": 2,
        "oy": 6
      },
      {
        "x": 83,
        "y": 435,
        "w": 11,
        "h": 11,
        "duration": 100,
        "ox": 1,
        "oy": 7
      },
      {
        "x": 95,
        "y": 435,
        "w": 10,
        "h": 11,
        "duration": 100,
        "ox": 2,
        "oy": 8
      }
    ]
  },
  "knight_red_attack": {
    "length": 13,
    "totalDuration": 2000,
    "frames": [
      {
        "x": 1,
        "y": 447,
        "w": 14,
        "h": 11,
        "duration": 500,
        "ox": 1,
        "oy": 8
      },
      {
        "x": 16,
        "y": 447,
        "w": 9,
        "h": 11,
        "duration": 100,
        "ox": 0,
        "oy": 8
      },
      {
        "x": 26,
        "y": 447,
        "w": 13,
        "h": 11,
        "duration": 100,
        "ox": 0,
        "oy": 8
      },
      {
        "x": 40,
        "y": 447,
        "w": 15,
        "h": 11,
        "duration": 100,
        "ox": 2,
        "oy": 8
      },
      {
        "x": 56,
        "y": 447,
        "w": 14,
        "h": 11,
        "duration": 200,
        "ox": 1,
        "oy": 8
      },
      {
        "x": 71,
        "y": 447,
        "w": 13,
        "h": 15,
        "duration": 100,
        "ox": 1,
        "oy": 4
      },
      {
        "x": 85,
        "y": 447,
        "w": 10,
        "h": 15,
        "duration": 100,
        "ox": 1,
        "oy": 4
      },
      {
        "x": 96,
        "y": 447,
        "w": 15,
        "h": 14,
        "duration": 100,
        "ox": 2,
        "oy": 5
      },
      {
        "x": 112,
        "y": 447,
        "w": 15,
        "h": 10,
        "duration": 100,
        "ox": 2,
        "oy": 9
      },
      {
        "x": 128,
        "y": 447,
        "w": 14,
        "h": 11,
        "duration": 300,
        "ox": 1,
        "oy": 8
      },
      {
        "x": 143,
        "y": 447,
        "w": 14,
        "h": 10,
        "duration": 100,
        "ox": 0,
        "oy": 9
      },
      {
        "x": 158,
        "y": 447,
        "w": 11,
        "h": 12,
        "duration": 100,
        "ox": 1,
        "oy": 7
      },
      {
        "x": 170,
        "y": 447,
        "w": 9,
        "h": 11,
        "duration": 100,
        "ox": 3,
        "oy": 8
      }
    ]
  },
  "knight_red_idle": {
    "length": 4,
    "totalDuration": 400,
    "frames": [
      {
        "x": 1,
        "y": 463,
        "w": 14,
        "h": 11,
        "duration": 100,
        "ox": 1,
        "oy": 4
      },
      {
        "x": 16,
        "y": 463,
        "w": 14,
        "h": 10,
        "duration": 100,
        "ox": 1,
        "oy": 5
      },
      {
        "x": 31,
        "y": 463,
        "w": 16,
        "h": 9,
        "duration": 100,
        "ox": 0,
        "oy": 6
      },
      {
        "x": 48,
        "y": 463,
        "w": 14,
        "h": 9,
        "duration": 100,
        "ox": 1,
        "oy": 6
      }
    ]
  },
  "knight_red_run": {
    "length": 8,
    "totalDuration": 800,
    "frames": [
      {
        "x": 1,
        "y": 475,
        "w": 14,
        "h": 10,
        "duration": 100,
        "ox": 1,
        "oy": 8
      },
      {
        "x": 16,
        "y": 475,
        "w": 14,
        "h": 11,
        "duration": 100,
        "ox": 1,
        "oy": 6
      },
      {
        "x": 31,
        "y": 475,
        "w": 14,
        "h": 11,
        "duration": 100,
        "ox": 1,
        "oy": 7
      },
      {
        "x": 46,
        "y": 475,
        "w": 14,
        "h": 11,
        "duration": 100,
        "ox": 1,
        "oy": 8
      },
      {
        "x": 61,
        "y": 475,
        "w": 10,
        "h": 10,
        "duration": 100,
        "ox": 2,
        "oy": 8
      },
      {
        "x": 72,
        "y": 475,
        "w": 10,
        "h": 11,
        "duration": 100,
        "ox": 2,
        "oy": 6
      },
      {
        "x": 83,
        "y": 475,
        "w": 11,
        "h": 11,
        "duration": 100,
        "ox": 1,
        "oy": 7
      },
      {
        "x": 95,
        "y": 475,
        "w": 10,
        "h": 11,
        "duration": 100,
        "ox": 2,
        "oy": 8
      }
    ]
  },
  "knight_yellow_attack": {
    "length": 13,
    "totalDuration": 2000,
    "frames": [
      {
        "x": 1,
        "y": 487,
        "w": 14,
        "h": 11,
        "duration": 500,
        "ox": 1,
        "oy": 8
      },
      {
        "x": 16,
        "y": 487,
        "w": 9,
        "h": 11,
        "duration": 100,
        "ox": 0,
        "oy": 8
      },
      {
        "x": 26,
        "y": 487,
        "w": 13,
        "h": 11,
        "duration": 100,
        "ox": 0,
        "oy": 8
      },
      {
        "x": 40,
        "y": 487,
        "w": 15,
        "h": 11,
        "duration": 100,
        "ox": 2,
        "oy": 8
      },
      {
        "x": 56,
        "y": 487,
        "w": 14,
        "h": 11,
        "duration": 200,
        "ox": 1,
        "oy": 8
      },
      {
        "x": 71,
        "y": 487,
        "w": 13,
        "h": 15,
        "duration": 100,
        "ox": 1,
        "oy": 4
      },
      {
        "x": 85,
        "y": 487,
        "w": 10,
        "h": 15,
        "duration": 100,
        "ox": 1,
        "oy": 4
      },
      {
        "x": 96,
        "y": 487,
        "w": 15,
        "h": 14,
        "duration": 100,
        "ox": 2,
        "oy": 5
      },
      {
        "x": 112,
        "y": 487,
        "w": 15,
        "h": 10,
        "duration": 100,
        "ox": 2,
        "oy": 9
      },
      {
        "x": 128,
        "y": 487,
        "w": 14,
        "h": 11,
        "duration": 300,
        "ox": 1,
        "oy": 8
      },
      {
        "x": 143,
        "y": 487,
        "w": 14,
        "h": 10,
        "duration": 100,
        "ox": 0,
        "oy": 9
      },
      {
        "x": 158,
        "y": 487,
        "w": 11,
        "h": 12,
        "duration": 100,
        "ox": 1,
        "oy": 7
      },
      {
        "x": 170,
        "y": 487,
        "w": 9,
        "h": 11,
        "duration": 100,
        "ox": 3,
        "oy": 8
      }
    ]
  },
  "knight_yellow_idle": {
    "length": 4,
    "totalDuration": 400,
    "frames": [
      {
        "x": 1,
        "y": 503,
        "w": 14,
        "h": 11,
        "duration": 100,
        "ox": 1,
        "oy": 4
      },
      {
        "x": 16,
        "y": 503,
        "w": 14,
        "h": 10,
        "duration": 100,
        "ox": 1,
        "oy": 5
      },
      {
        "x": 31,
        "y": 503,
        "w": 16,
        "h": 9,
        "duration": 100,
        "ox": 0,
        "oy": 6
      },
      {
        "x": 48,
        "y": 503,
        "w": 14,
        "h": 9,
        "duration": 100,
        "ox": 1,
        "oy": 6
      }
    ]
  },
  "knight_yellow_run": {
    "length": 8,
    "totalDuration": 800,
    "frames": [
      {
        "x": 1,
        "y": 515,
        "w": 14,
        "h": 10,
        "duration": 100,
        "ox": 1,
        "oy": 8
      },
      {
        "x": 16,
        "y": 515,
        "w": 14,
        "h": 11,
        "duration": 100,
        "ox": 1,
        "oy": 6
      },
      {
        "x": 31,
        "y": 515,
        "w": 14,
        "h": 11,
        "duration": 100,
        "ox": 1,
        "oy": 7
      },
      {
        "x": 46,
        "y": 515,
        "w": 14,
        "h": 11,
        "duration": 100,
        "ox": 1,
        "oy": 8
      },
      {
        "x": 61,
        "y": 515,
        "w": 10,
        "h": 10,
        "duration": 100,
        "ox": 2,
        "oy": 8
      },
      {
        "x": 72,
        "y": 515,
        "w": 10,
        "h": 11,
        "duration": 100,
        "ox": 2,
        "oy": 6
      },
      {
        "x": 83,
        "y": 515,
        "w": 11,
        "h": 11,
        "duration": 100,
        "ox": 1,
        "oy": 7
      },
      {
        "x": 95,
        "y": 515,
        "w": 10,
        "h": 11,
        "duration": 100,
        "ox": 2,
        "oy": 8
      }
    ]
  },
  "lizard_attack": {
    "length": 12,
    "totalDuration": 2060,
    "frames": [
      {
        "x": 1,
        "y": 527,
        "w": 9,
        "h": 9,
        "duration": 500,
        "ox": 1,
        "oy": 6
      },
      {
        "x": 11,
        "y": 527,
        "w": 8,
        "h": 9,
        "duration": 200,
        "ox": 1,
        "oy": 6
      },
      {
        "x": 20,
        "y": 527,
        "w": 19,
        "h": 8,
        "duration": 100,
        "ox": 1,
        "oy": 7
      },
      {
        "x": 40,
        "y": 527,
        "w": 20,
        "h": 8,
        "duration": 150,
        "ox": 1,
        "oy": 7
      },
      {
        "x": 61,
        "y": 527,
        "w": 9,
        "h": 9,
        "duration": 80,
        "ox": 1,
        "oy": 6
      },
      {
        "x": 71,
        "y": 527,
        "w": 9,
        "h": 9,
        "duration": 80,
        "ox": 1,
        "oy": 6
      },
      {
        "x": 81,
        "y": 527,
        "w": 9,
        "h": 9,
        "duration": 500,
        "ox": 1,
        "oy": 6
      },
      {
        "x": 91,
        "y": 527,
        "w": 8,
        "h": 8,
        "duration": 90,
        "ox": 3,
        "oy": 7
      },
      {
        "x": 100,
        "y": 527,
        "w": 14,
        "h": 7,
        "duration": 100,
        "ox": 4,
        "oy": 8
      },
      {
        "x": 115,
        "y": 527,
        "w": 14,
        "h": 7,
        "duration": 60,
        "ox": 4,
        "oy": 8
      },
      {
        "x": 130,
        "y": 527,
        "w": 8,
        "h": 8,
        "duration": 100,
        "ox": 5,
        "oy": 7
      },
      {
        "x": 139,
        "y": 527,
        "w": 10,
        "h": 8,
        "duration": 100,
        "ox": 1,
        "oy": 7
      }
    ]
  },
  "lizard_idle": {
    "length": 4,
    "totalDuration": 400,
    "frames": [
      {
        "x": 1,
        "y": 537,
        "w": 9,
        "h": 10,
        "duration": 100,
        "ox": 1,
        "oy": 5
      },
      {
        "x": 11,
        "y": 537,
        "w": 9,
        "h": 9,
        "duration": 100,
        "ox": 1,
        "oy": 6
      },
      {
        "x": 21,
        "y": 537,
        "w": 11,
        "h": 7,
        "duration": 100,
        "ox": 0,
        "oy": 8
      },
      {
        "x": 33,
        "y": 537,
        "w": 9,
        "h": 8,
        "duration": 100,
        "ox": 1,
        "oy": 7
      }
    ]
  },
  "lizard_run": {
    "length": 4,
    "totalDuration": 400,
    "frames": [
      {
        "x": 1,
        "y": 548,
        "w": 9,
        "h": 10,
        "duration": 100,
        "ox": 0,
        "oy": 4
      },
      {
        "x": 11,
        "y": 548,
        "w": 10,
        "h": 10,
        "duration": 100,
        "ox": 0,
        "oy": 3
      },
      {
        "x": 22,
        "y": 548,
        "w": 9,
        "h": 10,
        "duration": 100,
        "ox": 0,
        "oy": 4
      },
      {
        "x": 32,
        "y": 548,
        "w": 9,
        "h": 8,
        "duration": 100,
        "ox": 0,
        "oy": 7
      }
    ]
  },
  "monk_attack": {
    "length": 16,
    "totalDuration": 2290,
    "frames": [
      {
        "x": 1,
        "y": 559,
        "w": 9,
        "h": 9,
        "duration": 500,
        "ox": 1,
        "oy": 6
      },
      {
        "x": 11,
        "y": 559,
        "w": 13,
        "h": 10,
        "duration": 100,
        "ox": 2,
        "oy": 5
      },
      {
        "x": 25,
        "y": 559,
        "w": 13,
        "h": 10,
        "duration": 100,
        "ox": 2,
        "oy": 5
      },
      {
        "x": 39,
        "y": 559,
        "w": 13,
        "h": 10,
        "duration": 100,
        "ox": 2,
        "oy": 5
      },
      {
        "x": 53,
        "y": 559,
        "w": 13,
        "h": 10,
        "duration": 100,
        "ox": 2,
        "oy": 5
      },
      {
        "x": 67,
        "y": 559,
        "w": 10,
        "h": 10,
        "duration": 100,
        "ox": 2,
        "oy": 5
      },
      {
        "x": 78,
        "y": 559,
        "w": 12,
        "h": 10,
        "duration": 100,
        "ox": 0,
        "oy": 5
      },
      {
        "x": 91,
        "y": 559,
        "w": 11,
        "h": 10,
        "duration": 300,
        "ox": 0,
        "oy": 5
      },
      {
        "x": 103,
        "y": 559,
        "w": 16,
        "h": 10,
        "duration": 100,
        "ox": 2,
        "oy": 5
      },
      {
        "x": 120,
        "y": 559,
        "w": 16,
        "h": 8,
        "duration": 50,
        "ox": 2,
        "oy": 7
      },
      {
        "x": 137,
        "y": 559,
        "w": 17,
        "h": 10,
        "duration": 100,
        "ox": 0,
        "oy": 5
      },
      {
        "x": 155,
        "y": 559,
        "w": 11,
        "h": 10,
        "duration": 200,
        "ox": 0,
        "oy": 5
      },
      {
        "x": 167,
        "y": 559,
        "w": 18,
        "h": 8,
        "duration": 100,
        "ox": 0,
        "oy": 7
      },
      {
        "x": 186,
        "y": 559,
        "w": 17,
        "h": 8,
        "duration": 100,
        "ox": 0,
        "oy": 7
      },
      {
        "x": 204,
        "y": 559,
        "w": 19,
        "h": 8,
        "duration": 140,
        "ox": 1,
        "oy": 7
      },
      {
        "x": 224,
        "y": 559,
        "w": 17,
        "h": 8,
        "duration": 100,
        "ox": 2,
        "oy": 7
      }
    ]
  },
  "monk_idle": {
    "length": 5,
    "totalDuration": 970,
    "frames": [
      {
        "x": 1,
        "y": 570,
        "w": 9,
        "h": 9,
        "duration": 500,
        "ox": 1,
        "oy": 6
      },
      {
        "x": 11,
        "y": 570,
        "w": 9,
        "h": 10,
        "duration": 150,
        "ox": 1,
        "oy": 5
      },
      {
        "x": 21,
        "y": 570,
        "w": 9,
        "h": 9,
        "duration": 120,
        "ox": 1,
        "oy": 6
      },
      {
        "x": 31,
        "y": 570,
        "w": 9,
        "h": 9,
        "duration": 100,
        "ox": 1,
        "oy": 6
      },
      {
        "x": 41,
        "y": 570,
        "w": 9,
        "h": 9,
        "duration": 100,
        "ox": 1,
        "oy": 6
      }
    ]
  },
  "monk_run": {
    "length": 8,
    "totalDuration": 800,
    "frames": [
      {
        "x": 1,
        "y": 581,
        "w": 11,
        "h": 9,
        "duration": 100,
        "ox": 1,
        "oy": 5
      },
      {
        "x": 13,
        "y": 581,
        "w": 12,
        "h": 9,
        "duration": 100,
        "ox": 0,
        "oy": 4
      },
      {
        "x": 26,
        "y": 581,
        "w": 12,
        "h": 9,
        "duration": 100,
        "ox": 0,
        "oy": 5
      },
      {
        "x": 39,
        "y": 581,
        "w": 9,
        "h": 8,
        "duration": 100,
        "ox": 2,
        "oy": 7
      },
      {
        "x": 49,
        "y": 581,
        "w": 10,
        "h": 9,
        "duration": 100,
        "ox": 1,
        "oy": 5
      },
      {
        "x": 60,
        "y": 581,
        "w": 11,
        "h": 9,
        "duration": 100,
        "ox": 0,
        "oy": 4
      },
      {
        "x": 72,
        "y": 581,
        "w": 11,
        "h": 9,
        "duration": 100,
        "ox": 0,
        "oy": 5
      },
      {
        "x": 84,
        "y": 581,
        "w": 9,
        "h": 8,
        "duration": 100,
        "ox": 2,
        "oy": 7
      }
    ]
  },
  "mooseman_attack": {
    "length": 6,
    "totalDuration": 1080,
    "frames": [
      {
        "x": 1,
        "y": 591,
        "w": 8,
        "h": 10,
        "duration": 600,
        "ox": 2,
        "oy": 5
      },
      {
        "x": 10,
        "y": 591,
        "w": 8,
        "h": 10,
        "duration": 100,
        "ox": 1,
        "oy": 5
      },
      {
        "x": 19,
        "y": 591,
        "w": 14,
        "h": 9,
        "duration": 100,
        "ox": 3,
        "oy": 6
      },
      {
        "x": 34,
        "y": 591,
        "w": 13,
        "h": 8,
        "duration": 150,
        "ox": 3,
        "oy": 7
      },
      {
        "x": 48,
        "y": 591,
        "w": 8,
        "h": 8,
        "duration": 80,
        "ox": 3,
        "oy": 7
      },
      {
        "x": 57,
        "y": 591,
        "w": 8,
        "h": 9,
        "duration": 50,
        "ox": 3,
        "oy": 6
      }
    ]
  },
  "mooseman_idle": {
    "length": 4,
    "totalDuration": 400,
    "frames": [
      {
        "x": 1,
        "y": 602,
        "w": 8,
        "h": 10,
        "duration": 100,
        "ox": 2,
        "oy": 5
      },
      {
        "x": 10,
        "y": 602,
        "w": 8,
        "h": 9,
        "duration": 100,
        "ox": 2,
        "oy": 6
      },
      {
        "x": 19,
        "y": 602,
        "w": 10,
        "h": 8,
        "duration": 100,
        "ox": 1,
        "oy": 7
      },
      {
        "x": 30,
        "y": 602,
        "w": 8,
        "h": 8,
        "duration": 100,
        "ox": 2,
        "oy": 7
      }
    ]
  },
  "mooseman_run": {
    "length": 4,
    "totalDuration": 400,
    "frames": [
      {
        "x": 1,
        "y": 613,
        "w": 8,
        "h": 10,
        "duration": 100,
        "ox": 1,
        "oy": 4
      },
      {
        "x": 10,
        "y": 613,
        "w": 9,
        "h": 10,
        "duration": 100,
        "ox": 0,
        "oy": 3
      },
      {
        "x": 20,
        "y": 613,
        "w": 9,
        "h": 10,
        "duration": 100,
        "ox": 0,
        "oy": 4
      },
      {
        "x": 30,
        "y": 613,
        "w": 8,
        "h": 9,
        "duration": 100,
        "ox": 1,
        "oy": 6
      }
    ]
  },
  "oldman_attack": {
    "length": 9,
    "totalDuration": 1600,
    "frames": [
      {
        "x": 1,
        "y": 624,
        "w": 12,
        "h": 8,
        "duration": 500,
        "ox": 1,
        "oy": 7
      },
      {
        "x": 14,
        "y": 624,
        "w": 10,
        "h": 12,
        "duration": 100,
        "ox": 1,
        "oy": 3
      },
      {
        "x": 25,
        "y": 624,
        "w": 17,
        "h": 11,
        "duration": 100,
        "ox": 1,
        "oy": 4
      },
      {
        "x": 43,
        "y": 624,
        "w": 14,
        "h": 8,
        "duration": 100,
        "ox": 1,
        "oy": 7
      },
      {
        "x": 58,
        "y": 624,
        "w": 12,
        "h": 8,
        "duration": 400,
        "ox": 1,
        "oy": 7
      },
      {
        "x": 71,
        "y": 624,
        "w": 13,
        "h": 8,
        "duration": 100,
        "ox": 1,
        "oy": 7
      },
      {
        "x": 85,
        "y": 624,
        "w": 18,
        "h": 8,
        "duration": 100,
        "ox": 1,
        "oy": 7
      },
      {
        "x": 104,
        "y": 624,
        "w": 17,
        "h": 8,
        "duration": 100,
        "ox": 1,
        "oy": 7
      },
      {
        "x": 122,
        "y": 624,
        "w": 17,
        "h": 8,
        "duration": 100,
        "ox": 1,
        "oy": 7
      }
    ]
  },
  "oldman_idle": {
    "length": 4,
    "totalDuration": 400,
    "frames": [
      {
        "x": 1,
        "y": 637,
        "w": 12,
        "h": 8,
        "duration": 100,
        "ox": 1,
        "oy": 7
      },
      {
        "x": 14,
        "y": 637,
        "w": 12,
        "h": 7,
        "duration": 100,
        "ox": 1,
        "oy": 8
      },
      {
        "x": 27,
        "y": 637,
        "w": 12,
        "h": 6,
        "duration": 100,
        "ox": 1,
        "oy": 9
      },
      {
        "x": 40,
        "y": 637,
        "w": 12,
        "h": 7,
        "duration": 100,
        "ox": 1,
        "oy": 8
      }
    ]
  },
  "oldman_run": {
    "length": 4,
    "totalDuration": 400,
    "frames": [
      {
        "x": 1,
        "y": 646,
        "w": 12,
        "h": 8,
        "duration": 100,
        "ox": 1,
        "oy": 7
      },
      {
        "x": 14,
        "y": 646,
        "w": 13,
        "h": 7,
        "duration": 100,
        "ox": 1,
        "oy": 8
      },
      {
        "x": 28,
        "y": 646,
        "w": 13,
        "h": 6,
        "duration": 100,
        "ox": 1,
        "oy": 9
      },
      {
        "x": 42,
        "y": 646,
        "w": 12,
        "h": 7,
        "duration": 100,
        "ox": 1,
        "oy": 8
      }
    ]
  },
  "rhino_attack": {
    "length": 4,
    "totalDuration": 910,
    "frames": [
      {
        "x": 1,
        "y": 655,
        "w": 8,
        "h": 10,
        "duration": 600,
        "ox": 2,
        "oy": 5
      },
      {
        "x": 10,
        "y": 655,
        "w": 9,
        "h": 8,
        "duration": 110,
        "ox": 0,
        "oy": 7
      },
      {
        "x": 20,
        "y": 655,
        "w": 13,
        "h": 8,
        "duration": 80,
        "ox": 3,
        "oy": 7
      },
      {
        "x": 34,
        "y": 655,
        "w": 12,
        "h": 8,
        "duration": 120,
        "ox": 3,
        "oy": 7
      }
    ]
  },
  "rhino_idle": {
    "length": 4,
    "totalDuration": 400,
    "frames": [
      {
        "x": 1,
        "y": 666,
        "w": 8,
        "h": 10,
        "duration": 100,
        "ox": 2,
        "oy": 5
      },
      {
        "x": 10,
        "y": 666,
        "w": 8,
        "h": 10,
        "duration": 100,
        "ox": 2,
        "oy": 5
      },
      {
        "x": 19,
        "y": 666,
        "w": 10,
        "h": 8,
        "duration": 100,
        "ox": 1,
        "oy": 7
      },
      {
        "x": 30,
        "y": 666,
        "w": 8,
        "h": 8,
        "duration": 100,
        "ox": 2,
        "oy": 7
      }
    ]
  },
  "rhino_run": {
    "length": 4,
    "totalDuration": 400,
    "frames": [
      {
        "x": 1,
        "y": 677,
        "w": 8,
        "h": 9,
        "duration": 100,
        "ox": 2,
        "oy": 5
      },
      {
        "x": 10,
        "y": 677,
        "w": 10,
        "h": 10,
        "duration": 100,
        "ox": 1,
        "oy": 3
      },
      {
        "x": 21,
        "y": 677,
        "w": 9,
        "h": 10,
        "duration": 100,
        "ox": 1,
        "oy": 3
      },
      {
        "x": 31,
        "y": 677,
        "w": 8,
        "h": 10,
        "duration": 100,
        "ox": 2,
        "oy": 4
      }
    ]
  },
  "troll_attack": {
    "length": 8,
    "totalDuration": 1820,
    "frames": [
      {
        "x": 1,
        "y": 688,
        "w": 10,
        "h": 13,
        "duration": 500,
        "ox": 2,
        "oy": 8
      },
      {
        "x": 12,
        "y": 688,
        "w": 13,
        "h": 17,
        "duration": 150,
        "ox": 0,
        "oy": 4
      },
      {
        "x": 26,
        "y": 688,
        "w": 16,
        "h": 15,
        "duration": 100,
        "ox": 4,
        "oy": 6
      },
      {
        "x": 43,
        "y": 688,
        "w": 16,
        "h": 12,
        "duration": 200,
        "ox": 4,
        "oy": 9
      },
      {
        "x": 60,
        "y": 688,
        "w": 10,
        "h": 13,
        "duration": 500,
        "ox": 2,
        "oy": 8
      },
      {
        "x": 71,
        "y": 688,
        "w": 13,
        "h": 15,
        "duration": 150,
        "ox": 0,
        "oy": 6
      },
      {
        "x": 85,
        "y": 688,
        "w": 12,
        "h": 10,
        "duration": 120,
        "ox": 4,
        "oy": 11
      },
      {
        "x": 98,
        "y": 688,
        "w": 11,
        "h": 12,
        "duration": 100,
        "ox": 4,
        "oy": 9
      }
    ]
  },
  "troll_idle": {
    "length": 4,
    "totalDuration": 400,
    "frames": [
      {
        "x": 1,
        "y": 706,
        "w": 10,
        "h": 13,
        "duration": 100,
        "ox": 2,
        "oy": 2
      },
      {
        "x": 12,
        "y": 706,
        "w": 10,
        "h": 12,
        "duration": 100,
        "ox": 2,
        "oy": 3
      },
      {
        "x": 23,
        "y": 706,
        "w": 12,
        "h": 11,
        "duration": 100,
        "ox": 1,
        "oy": 4
      },
      {
        "x": 36,
        "y": 706,
        "w": 10,
        "h": 12,
        "duration": 100,
        "ox": 2,
        "oy": 3
      }
    ]
  },
  "troll_run": {
    "length": 4,
    "totalDuration": 480,
    "frames": [
      {
        "x": 1,
        "y": 720,
        "w": 11,
        "h": 12,
        "duration": 120,
        "ox": 2,
        "oy": 3
      },
      {
        "x": 13,
        "y": 720,
        "w": 10,
        "h": 13,
        "duration": 120,
        "ox": 2,
        "oy": 2
      },
      {
        "x": 24,
        "y": 720,
        "w": 10,
        "h": 12,
        "duration": 120,
        "ox": 2,
        "oy": 3
      },
      {
        "x": 35,
        "y": 720,
        "w": 12,
        "h": 10,
        "duration": 120,
        "ox": 1,
        "oy": 5
      }
    ]
  },
  "wizard_attack": {
    "length": 7,
    "totalDuration": 1300,
    "frames": [
      {
        "x": 1,
        "y": 734,
        "w": 11,
        "h": 14,
        "duration": 500,
        "ox": 2,
        "oy": 3
      },
      {
        "x": 13,
        "y": 734,
        "w": 16,
        "h": 13,
        "duration": 100,
        "ox": 2,
        "oy": 4
      },
      {
        "x": 30,
        "y": 734,
        "w": 16,
        "h": 13,
        "duration": 300,
        "ox": 2,
        "oy": 4
      },
      {
        "x": 47,
        "y": 734,
        "w": 15,
        "h": 15,
        "duration": 100,
        "ox": 1,
        "oy": 2
      },
      {
        "x": 63,
        "y": 734,
        "w": 15,
        "h": 14,
        "duration": 100,
        "ox": 0,
        "oy": 3
      },
      {
        "x": 79,
        "y": 734,
        "w": 15,
        "h": 13,
        "duration": 100,
        "ox": 2,
        "oy": 4
      },
      {
        "x": 95,
        "y": 734,
        "w": 16,
        "h": 13,
        "duration": 100,
        "ox": 2,
        "oy": 4
      }
    ]
  },
  "wizard_idle": {
    "length": 6,
    "totalDuration": 960,
    "frames": [
      {
        "x": 1,
        "y": 750,
        "w": 11,
        "h": 14,
        "duration": 500,
        "ox": 2,
        "oy": 3
      },
      {
        "x": 13,
        "y": 750,
        "w": 11,
        "h": 15,
        "duration": 100,
        "ox": 2,
        "oy": 2
      },
      {
        "x": 25,
        "y": 750,
        "w": 11,
        "h": 14,
        "duration": 60,
        "ox": 2,
        "oy": 3
      },
      {
        "x": 37,
        "y": 750,
        "w": 12,
        "h": 14,
        "duration": 100,
        "ox": 1,
        "oy": 3
      },
      {
        "x": 50,
        "y": 750,
        "w": 11,
        "h": 14,
        "duration": 100,
        "ox": 2,
        "oy": 3
      },
      {
        "x": 62,
        "y": 750,
        "w": 11,
        "h": 14,
        "duration": 100,
        "ox": 2,
        "oy": 3
      }
    ]
  },
  "wizard_run": {
    "length": 4,
    "totalDuration": 800,
    "frames": [
      {
        "x": 1,
        "y": 766,
        "w": 11,
        "h": 14,
        "duration": 500,
        "ox": 2,
        "oy": 3
      },
      {
        "x": 13,
        "y": 766,
        "w": 12,
        "h": 15,
        "duration": 100,
        "ox": 2,
        "oy": 2
      },
      {
        "x": 26,
        "y": 766,
        "w": 13,
        "h": 14,
        "duration": 100,
        "ox": 1,
        "oy": 3
      },
      {
        "x": 40,
        "y": 766,
        "w": 11,
        "h": 14,
        "duration": 100,
        "ox": 2,
        "oy": 3
      }
    ]
  }
}